<?xml version="1.0" encoding="UTF-8"?>
<!DOCTYPE mapper PUBLIC "-//mybatis.org//DTD Mapper 3.0//EN" "http://mybatis.org/dtd/mybatis-3-mapper.dtd">
<mapper namespace="com.agv.control.Dao.agv.AgvMapper">
  <resultMap id="BaseResultMap" type="com.agv.control.entity.agv.Agv">
    <id column="id" jdbcType="INTEGER" property="id" />
    <result column="AGVnumber" jdbcType="VARCHAR" property="agvnumber" />
    <result column="AGVtype" jdbcType="VARCHAR" property="agvtype" />
    <result column="AGVIP" jdbcType="VARCHAR" property="agvip" />
    <result column="AGVID" jdbcType="VARCHAR" property="agvid" />
    <result column="createTime" jdbcType="DATE" property="createtime" />
    <result column="AGVStatus" jdbcType="TINYINT" property="agvstatus" />
    <result column="AGVActive" jdbcType="TINYINT" property="agvactive" />
    <result column="AGVMap" jdbcType="VARCHAR" property="agvmap" />
  </resultMap>
  <sql id="Base_Column_List">
    id, AGVnumber, AGVtype, AGVIP, AGVID, createTime, AGVStatus, AGVActive, AGVMap
  </sql>
  <select id="listAgv" resultMap="BaseResultMap">
    select ds_id , name , use_type , linktype , linkurl , uname, name as jndi_name
    from vehicle_basic_information
  </select>
  <select id="selectByPrimaryKey" parameterType="java.lang.Integer" resultMap="BaseResultMap">
    select 
    <include refid="Base_Column_List" />
    from vehicle_basic_information
    where id = #{id,jdbcType=INTEGER}
  </select>
  <delete id="deleteByPrimaryKey" parameterType="java.lang.Integer">
    delete from vehicle_basic_information
    where id = #{id,jdbcType=INTEGER}
  </delete>
  <insert id="insert" keyColumn="id" keyProperty="id" parameterType="com.agv.control.entity.agv.Agv" useGeneratedKeys="true">
    insert into vehicle_basic_information (AGVnumber, AGVtype, AGVIP,
      AGVID, createTime, AGVStatus, 
      AGVActive, AGVMap)
    values (#{agvnumber,jdbcType=VARCHAR}, #{agvtype,jdbcType=VARCHAR}, #{agvip,jdbcType=VARCHAR},
      #{agvid,jdbcType=VARCHAR}, #{createtime,jdbcType=DATE}, #{agvstatus,jdbcType=TINYINT},
      #{agvactive,jdbcType=TINYINT}, #{agvmap,jdbcType=VARCHAR})
  </insert>
  <update id="updateByPrimaryKey" parameterType="com.agv.control.entity.agv.Agv">
    update vehicle_basic_information
    set AGVnumber = #{agvnumber,jdbcType=VARCHAR},
      AGVtype = #{agvtype,jdbcType=VARCHAR},
      AGVIP = #{agvip,jdbcType=VARCHAR},
      AGVID = #{agvid,jdbcType=VARCHAR},
      createTime = #{createtime,jdbcType=DATE},
      AGVStatus = #{agvstatus,jdbcType=TINYINT},
      AGVActive = #{agvactive,jdbcType=TINYINT},
      AGVMap = #{agvmap,jdbcType=VARCHAR}
    where id = #{id,jdbcType=INTEGER}
  </update>
</mapper>