<?xml version="1.0" encoding="UTF-8"?>
<!DOCTYPE mapper PUBLIC "-//mybatis.org//DTD Mapper 3.0//EN" "http://mybatis.org/dtd/mybatis-3-mapper.dtd">
<mapper namespace="com.agv.control.Dao.Usr.TbPermissionsDao">
  <resultMap id="BaseResultMap" type="com.agv.control.entity.Usr.TbPermissions">
    <id column="permission_id" jdbcType="INTEGER" property="permissionId" />
    <result column="permission_code" jdbcType="VARCHAR" property="permissionCode" />
    <result column="permission_name" jdbcType="VARCHAR" property="permissionName" />
  </resultMap>
  <sql id="Base_Column_List">
    permission_id, permission_code, permission_name
  </sql>
  <select id="selectByPrimaryKey" parameterType="java.lang.Integer" resultMap="BaseResultMap">
    select 
    <include refid="Base_Column_List" />
    from tb_permissions
    where permission_id = #{permissionId,jdbcType=INTEGER}
  </select>
  <delete id="deleteByPrimaryKey" parameterType="java.lang.Integer">
    delete from tb_permissions
    where permission_id = #{permissionId,jdbcType=INTEGER}
  </delete>
  <insert id="insert" keyColumn="permission_id" keyProperty="permissionId" parameterType="com.agv.control.entity.Usr.TbPermissions" useGeneratedKeys="true">
    insert into tb_permissions (permission_code, permission_name)
    values (#{permissionCode,jdbcType=VARCHAR}, #{permissionName,jdbcType=VARCHAR})
  </insert>
  <insert id="insertSelective" keyColumn="permission_id" keyProperty="permissionId" parameterType="com.agv.control.entity.Usr.TbPermissions" useGeneratedKeys="true">
    insert into tb_permissions
    <trim prefix="(" suffix=")" suffixOverrides=",">
      <if test="permissionCode != null">
        permission_code,
      </if>
      <if test="permissionName != null">
        permission_name,
      </if>
    </trim>
    <trim prefix="values (" suffix=")" suffixOverrides=",">
      <if test="permissionCode != null">
        #{permissionCode,jdbcType=VARCHAR},
      </if>
      <if test="permissionName != null">
        #{permissionName,jdbcType=VARCHAR},
      </if>
    </trim>
  </insert>
  <update id="updateByPrimaryKeySelective" parameterType="com.agv.control.entity.Usr.TbPermissions">
    update tb_permissions
    <set>
      <if test="permissionCode != null">
        permission_code = #{permissionCode,jdbcType=VARCHAR},
      </if>
      <if test="permissionName != null">
        permission_name = #{permissionName,jdbcType=VARCHAR},
      </if>
    </set>
    where permission_id = #{permissionId,jdbcType=INTEGER}
  </update>
  <update id="updateByPrimaryKey" parameterType="com.agv.control.entity.Usr.TbPermissions">
    update tb_permissions
    set permission_code = #{permissionCode,jdbcType=VARCHAR},
      permission_name = #{permissionName,jdbcType=VARCHAR}
    where permission_id = #{permissionId,jdbcType=INTEGER}
  </update>
</mapper>