<?xml version="1.0" encoding="UTF-8"?>
<!DOCTYPE mapper PUBLIC "-//mybatis.org//DTD Mapper 3.0//EN" "http://mybatis.org/dtd/mybatis-3-mapper.dtd">
<mapper namespace="com.agv.control.Dao.Usr.TbRolesDao">
  <resultMap id="BaseResultMap" type="com.agv.control.entity.Usr.TbRoles">
    <id column="role_id" jdbcType="INTEGER" property="roleId" />
    <result column="role_name" jdbcType="VARCHAR" property="roleName" />
  </resultMap>
  <sql id="Base_Column_List">
    role_id, role_name
  </sql>
  <select id="selectByPrimaryKey" parameterType="java.lang.Integer" resultMap="BaseResultMap">
    select 
    <include refid="Base_Column_List" />
    from tb_roles
    where role_id = #{roleId,jdbcType=INTEGER}
  </select>
  <delete id="deleteByPrimaryKey" parameterType="java.lang.Integer">
    delete from tb_roles
    where role_id = #{roleId,jdbcType=INTEGER}
  </delete>
  <insert id="insert" keyColumn="role_id" keyProperty="roleId" parameterType="com.agv.control.entity.Usr.TbRoles" useGeneratedKeys="true">
    insert into tb_roles (role_name)
    values (#{roleName,jdbcType=VARCHAR})
  </insert>
  <insert id="insertSelective" keyColumn="role_id" keyProperty="roleId" parameterType="com.agv.control.entity.Usr.TbRoles" useGeneratedKeys="true">
    insert into tb_roles
    <trim prefix="(" suffix=")" suffixOverrides=",">
      <if test="roleName != null">
        role_name,
      </if>
    </trim>
    <trim prefix="values (" suffix=")" suffixOverrides=",">
      <if test="roleName != null">
        #{roleName,jdbcType=VARCHAR},
      </if>
    </trim>
  </insert>
  <update id="updateByPrimaryKeySelective" parameterType="com.agv.control.entity.Usr.TbRoles">
    update tb_roles
    <set>
      <if test="roleName != null">
        role_name = #{roleName,jdbcType=VARCHAR},
      </if>
    </set>
    where role_id = #{roleId,jdbcType=INTEGER}
  </update>
  <update id="updateByPrimaryKey" parameterType="com.agv.control.entity.Usr.TbRoles">
    update tb_roles
    set role_name = #{roleName,jdbcType=VARCHAR}
    where role_id = #{roleId,jdbcType=INTEGER}
  </update>
</mapper>