<?xml version="1.0" encoding="UTF-8"?>
<!DOCTYPE mapper PUBLIC "-//mybatis.org//DTD Mapper 3.0//EN" "http://mybatis.org/dtd/mybatis-3-mapper.dtd">
<mapper namespace="com.agv.control.Dao.Usr.TbRpsDao">
  <resultMap id="BaseResultMap" type="com.agv.control.entity.Usr.TbRps">
    <id column="rid" jdbcType="INTEGER" property="rid" />
    <result column="pid" jdbcType="INTEGER" property="pid" />
  </resultMap>
  <sql id="Base_Column_List">
    rid, pid
  </sql>
  <select id="selectByPrimaryKey" parameterType="java.lang.Integer" resultMap="BaseResultMap">
    select 
    <include refid="Base_Column_List" />
    from tb_rps
    where rid = #{rid,jdbcType=INTEGER}
  </select>
  <delete id="deleteByPrimaryKey" parameterType="java.lang.Integer">
    delete from tb_rps
    where rid = #{rid,jdbcType=INTEGER}
  </delete>
  <insert id="insert" keyColumn="rid" keyProperty="rid" parameterType="com.agv.control.entity.Usr.TbRps" useGeneratedKeys="true">
    insert into tb_rps (pid)
    values (#{pid,jdbcType=INTEGER})
  </insert>
  <insert id="insertSelective" keyColumn="rid" keyProperty="rid" parameterType="com.agv.control.entity.Usr.TbRps" useGeneratedKeys="true">
    insert into tb_rps
    <trim prefix="(" suffix=")" suffixOverrides=",">
      <if test="pid != null">
        pid,
      </if>
    </trim>
    <trim prefix="values (" suffix=")" suffixOverrides=",">
      <if test="pid != null">
        #{pid,jdbcType=INTEGER},
      </if>
    </trim>
  </insert>
  <update id="updateByPrimaryKeySelective" parameterType="com.agv.control.entity.Usr.TbRps">
    update tb_rps
    <set>
      <if test="pid != null">
        pid = #{pid,jdbcType=INTEGER},
      </if>
    </set>
    where rid = #{rid,jdbcType=INTEGER}
  </update>
  <update id="updateByPrimaryKey" parameterType="com.agv.control.entity.Usr.TbRps">
    update tb_rps
    set pid = #{pid,jdbcType=INTEGER}
    where rid = #{rid,jdbcType=INTEGER}
  </update>
</mapper>