<?xml version="1.0" encoding="UTF-8"?>
<!DOCTYPE mapper PUBLIC "-//mybatis.org//DTD Mapper 3.0//EN" "http://mybatis.org/dtd/mybatis-3-mapper.dtd">
<mapper namespace="com.agv.control.Dao.Usr.TbUrDao">
  <resultMap id="BaseResultMap" type="com.agv.control.entity.Usr.TbUr">
    <id column="uid" jdbcType="INTEGER" property="uid" />
    <result column="rid" jdbcType="INTEGER" property="rid" />
  </resultMap>
  <sql id="Base_Column_List">
    `uid`, rid
  </sql>
  <select id="selectByPrimaryKey" parameterType="java.lang.Integer" resultMap="BaseResultMap">
    select 
    <include refid="Base_Column_List" />
    from tb_ur
    where `uid` = #{uid,jdbcType=INTEGER}
  </select>
  <delete id="deleteByPrimaryKey" parameterType="java.lang.Integer">
    delete from tb_ur
    where `uid` = #{uid,jdbcType=INTEGER}
  </delete>
  <insert id="insert" keyColumn="uid" keyProperty="uid" parameterType="com.agv.control.entity.Usr.TbUr" useGeneratedKeys="true">
    insert into tb_ur (rid)
    values (#{rid,jdbcType=INTEGER})
  </insert>
  <insert id="insertSelective" keyColumn="uid" keyProperty="uid" parameterType="com.agv.control.entity.Usr.TbUr" useGeneratedKeys="true">
    insert into tb_ur
    <trim prefix="(" suffix=")" suffixOverrides=",">
      <if test="rid != null">
        rid,
      </if>
    </trim>
    <trim prefix="values (" suffix=")" suffixOverrides=",">
      <if test="rid != null">
        #{rid,jdbcType=INTEGER},
      </if>
    </trim>
  </insert>
  <update id="updateByPrimaryKeySelective" parameterType="com.agv.control.entity.Usr.TbUr">
    update tb_ur
    <set>
      <if test="rid != null">
        rid = #{rid,jdbcType=INTEGER},
      </if>
    </set>
    where `uid` = #{uid,jdbcType=INTEGER}
  </update>
  <update id="updateByPrimaryKey" parameterType="com.agv.control.entity.Usr.TbUr">
    update tb_ur
    set rid = #{rid,jdbcType=INTEGER}
    where `uid` = #{uid,jdbcType=INTEGER}
  </update>
</mapper>