<?xml version="1.0" encoding="UTF-8"?>
<!DOCTYPE mapper PUBLIC "-//mybatis.org//DTD Mapper 3.0//EN" "http://mybatis.org/dtd/mybatis-3-mapper.dtd">
<mapper namespace="com.agv.control.Dao.Usr.TbUserDao">
  <resultMap id="BaseResultMap" type="com.agv.control.entity.Usr.TbUser">
    <id column="id" jdbcType="INTEGER" property="id" />
    <result column="usrName" jdbcType="VARCHAR" property="usrname" />
    <result column="passWord" jdbcType="VARCHAR" property="password" />
    <result column="roleid" jdbcType="INTEGER" property="roleid" />
    <result column="log_cnt" jdbcType="BIGINT" property="logCnt" />
    <result column="phone_number" jdbcType="VARCHAR" property="phoneNumber" />
    <result column="log_date" jdbcType="TIMESTAMP" property="logDate" />
  </resultMap>
  <sql id="Base_Column_List">
    id, usrName, `passWord`, roleid, log_cnt, phone_number, log_date
  </sql>
  <select id="selectByPrimaryKey" parameterType="java.lang.Integer" resultMap="BaseResultMap">
    select 
    <include refid="Base_Column_List" />
    from tb_user
    where id = #{id,jdbcType=INTEGER}
  </select>
  <select id="getUserInfoByName" parameterType="java.lang.String" resultMap="BaseResultMap">
    select
    <include refid="Base_Column_List" />
    from tb_user
    where usrname = #{usrname,jdbcType=VARCHAR}
  </select>
  <delete id="deleteByPrimaryKey" parameterType="java.lang.Integer">
    delete from tb_user
    where id = #{id,jdbcType=INTEGER}
  </delete>
  <insert id="insert" keyColumn="id" keyProperty="id" parameterType="com.agv.control.entity.Usr.TbUser" useGeneratedKeys="true">
    insert into tb_user (usrName, `passWord`, roleid, 
      log_cnt, phone_number, log_date
      )
    values (#{usrname,jdbcType=VARCHAR}, #{password,jdbcType=VARCHAR}, #{roleid,jdbcType=INTEGER}, 
      #{logCnt,jdbcType=BIGINT}, #{phoneNumber,jdbcType=VARCHAR}, #{logDate,jdbcType=TIMESTAMP}
      )
  </insert>
  <insert id="insertSelective" keyColumn="id" keyProperty="id" parameterType="com.agv.control.entity.Usr.TbUser" useGeneratedKeys="true">
    insert into tb_user
    <trim prefix="(" suffix=")" suffixOverrides=",">
      <if test="usrname != null">
        usrName,
      </if>
      <if test="password != null">
        `passWord`,
      </if>
      <if test="roleid != null">
        roleid,
      </if>
      <if test="logCnt != null">
        log_cnt,
      </if>
      <if test="phoneNumber != null">
        phone_number,
      </if>
      <if test="logDate != null">
        log_date,
      </if>
    </trim>
    <trim prefix="values (" suffix=")" suffixOverrides=",">
      <if test="usrname != null">
        #{usrname,jdbcType=VARCHAR},
      </if>
      <if test="password != null">
        #{password,jdbcType=VARCHAR},
      </if>
      <if test="roleid != null">
        #{roleid,jdbcType=INTEGER},
      </if>
      <if test="logCnt != null">
        #{logCnt,jdbcType=BIGINT},
      </if>
      <if test="phoneNumber != null">
        #{phoneNumber,jdbcType=VARCHAR},
      </if>
      <if test="logDate != null">
        #{logDate,jdbcType=TIMESTAMP},
      </if>
    </trim>
  </insert>
  <update id="updateByPrimaryKeySelective" parameterType="com.agv.control.entity.Usr.TbUser">
    update tb_user
    <set>
      <if test="usrname != null">
        usrName = #{usrname,jdbcType=VARCHAR},
      </if>
      <if test="password != null">
        `passWord` = #{password,jdbcType=VARCHAR},
      </if>
      <if test="roleid != null">
        roleid = #{roleid,jdbcType=INTEGER},
      </if>
      <if test="logCnt != null">
        log_cnt = #{logCnt,jdbcType=BIGINT},
      </if>
      <if test="phoneNumber != null">
        phone_number = #{phoneNumber,jdbcType=VARCHAR},
      </if>
      <if test="logDate != null">
        log_date = #{logDate,jdbcType=TIMESTAMP},
      </if>
    </set>
    where id = #{id,jdbcType=INTEGER}
  </update>
  <update id="updateByPrimaryKey" parameterType="com.agv.control.entity.Usr.TbUser">
    update tb_user
    set usrName = #{usrname,jdbcType=VARCHAR},
      `passWord` = #{password,jdbcType=VARCHAR},
      roleid = #{roleid,jdbcType=INTEGER},
      log_cnt = #{logCnt,jdbcType=BIGINT},
      phone_number = #{phoneNumber,jdbcType=VARCHAR},
      log_date = #{logDate,jdbcType=TIMESTAMP}
    where id = #{id,jdbcType=INTEGER}
  </update>
</mapper>